{"cameraMode":{"drawMode":0,"name":"Shaded","section":"Shading Mode"},"sceneLighting":false,"audioPlay":false,"sceneViewState":{"showFog":true,"showMaterialUpdate":false,"showSkybox":true,"showFlares":true,"showImageEffects":true,"showParticleSystems":true},"in2DMode":false,"pivot":{"x":0.03428485244512558,"y":-2.1836624145507814,"z":-5.292578220367432},"rotation":{"x":0.001297083217650652,"y":0.9785686731338501,"z":-0.2058243304491043,"w":0.006166035309433937},"size":6.740723133087158,"orthographic":false}