{"cameraMode":{"drawMode":0,"name":"Shaded","section":"Shading Mode"},"sceneLighting":false,"audioPlay":false,"sceneViewState":{"showFog":true,"showMaterialUpdate":false,"showSkybox":false,"showFlares":true,"showImageEffects":true,"showParticleSystems":true},"in2DMode":false,"pivot":{"x":-3.1011874675750734,"y":0.734745979309082,"z":-0.01685267686843872},"rotation":{"x":0.0003474885306786746,"y":0.9994909763336182,"z":0.029682332649827005,"w":-0.011693011969327927},"size":3.4473464488983156,"orthographic":false}