{"cameraMode":{"drawMode":0,"name":"Shaded","section":"Shading Mode"},"sceneLighting":false,"audioPlay":false,"sceneViewState":{"showFog":true,"showMaterialUpdate":false,"showSkybox":true,"showFlares":true,"showImageEffects":true,"showParticleSystems":true},"in2DMode":false,"pivot":{"x":-0.025604248046875,"y":0.10626506805419922,"z":-0.14111328125},"rotation":{"x":0.00004178167364443652,"y":0.9997384548187256,"z":-0.0018106185598298908,"w":0.022800549864768983},"size":0.8835834860801697,"orthographic":true}