{"cameraMode":{"drawMode":0,"name":"Shaded","section":"Shading Mode"},"sceneLighting":false,"audioPlay":false,"sceneViewState":{"showFog":true,"showMaterialUpdate":false,"showSkybox":true,"showFlares":true,"showImageEffects":true,"showParticleSystems":true},"in2DMode":false,"pivot":{"x":-5.778782367706299,"y":0.09913933277130127,"z":-8.366644859313965},"rotation":{"x":-0.023288168013095857,"y":0.9441507458686829,"z":-0.06839200109243393,"w":-0.32149583101272585},"size":14.648513793945313,"orthographic":false}